"rule","engine","severity","tags","file","startLine","startColumn","endLine","endColumn","message","resources"
"@lwc/lwc/valid-api","eslint",3,"Recommended,LWC,ErrorProne,JavaScript","force-app/main/default/lwc/caseHierarchyViewer/caseHierarchyViewer.js",22,32,22,36,"Invalid public property initialization for ""showFinancialAccounts"". Boolean public properties should not be initialized to ""true"", consider initializing the property to ""false"".","https://github.com/salesforce/eslint-plugin-lwc/blob/v3.2.0/docs/rules/valid-api.md"
"@lwc/lwc/valid-api","eslint",3,"Recommended,LWC,ErrorProne,JavaScript","force-app/main/default/lwc/caseHierarchyViewer/caseHierarchyViewer.js",23,27,23,31,"Invalid public property initialization for ""showAccountRoles"". Boolean public properties should not be initialized to ""true"", consider initializing the property to ""false"".","https://github.com/salesforce/eslint-plugin-lwc/blob/v3.2.0/docs/rules/valid-api.md"
"@lwc/lwc/valid-api","eslint",3,"Recommended,LWC,ErrorProne,JavaScript","force-app/main/default/lwc/caseHierarchyViewer/caseHierarchyViewer.js",27,27,27,31,"Invalid public property initialization for ""expandFirstChild"". Boolean public properties should not be initialized to ""true"", consider initializing the property to ""false"".","https://github.com/salesforce/eslint-plugin-lwc/blob/v3.2.0/docs/rules/valid-api.md"
"no-unused-vars","eslint",2,"Recommended,ErrorProne,JavaScript","force-app/main/default/lwc/recordPathwaySelection/__tests__/recordPathwaySelection.test.js",14,27,14,45,"'actualUpdateRecord' is assigned a value but never used.","https://eslint.org/docs/latest/rules/no-unused-vars"
"@lwc/lwc/no-async-operation","eslint",3,"Recommended,LWC,BestPractices,JavaScript","force-app/main/default/lwc/recordPathwaySelection/__tests__/recordPathwaySelection.test.js",37,37,37,59,"Restricted async operation ""setTimeout""","https://github.com/salesforce/eslint-plugin-lwc/blob/v3.2.0/docs/rules/no-async-operation.md"
"@lwc/lwc/no-unexpected-wire-adapter-usages","eslint",3,"Recommended,LWC,BestPractices,JavaScript","force-app/main/default/lwc/recordPathwaySelection/__tests__/recordPathwaySelection.test.js",71,5,71,14,"""getRecord"" is a wire adapter and can only be used via the @wire decorator.","https://github.com/salesforce/eslint-plugin-lwc/blob/v3.2.0/docs/rules/no-unexpected-wire-adapter-usages.md"
"@lwc/lwc/no-unexpected-wire-adapter-usages","eslint",3,"Recommended,LWC,BestPractices,JavaScript","force-app/main/default/lwc/recordPathwaySelection/__tests__/recordPathwaySelection.test.js",108,5,108,14,"""getRecord"" is a wire adapter and can only be used via the @wire decorator.","https://github.com/salesforce/eslint-plugin-lwc/blob/v3.2.0/docs/rules/no-unexpected-wire-adapter-usages.md"
"@lwc/lwc/no-unexpected-wire-adapter-usages","eslint",3,"Recommended,LWC,BestPractices,JavaScript","force-app/main/default/lwc/recordPathwaySelection/__tests__/recordPathwaySelection.test.js",144,5,144,14,"""getRecord"" is a wire adapter and can only be used via the @wire decorator.","https://github.com/salesforce/eslint-plugin-lwc/blob/v3.2.0/docs/rules/no-unexpected-wire-adapter-usages.md"
"@lwc/lwc/no-unexpected-wire-adapter-usages","eslint",3,"Recommended,LWC,BestPractices,JavaScript","force-app/main/default/lwc/recordPathwaySelection/__tests__/recordPathwaySelection.test.js",179,5,179,14,"""getRecord"" is a wire adapter and can only be used via the @wire decorator.","https://github.com/salesforce/eslint-plugin-lwc/blob/v3.2.0/docs/rules/no-unexpected-wire-adapter-usages.md"
"@lwc/lwc/no-unexpected-wire-adapter-usages","eslint",3,"Recommended,LWC,BestPractices,JavaScript","force-app/main/default/lwc/recordPathwaySelection/__tests__/recordPathwaySelection.test.js",219,5,219,14,"""getRecord"" is a wire adapter and can only be used via the @wire decorator.","https://github.com/salesforce/eslint-plugin-lwc/blob/v3.2.0/docs/rules/no-unexpected-wire-adapter-usages.md"
"@lwc/lwc/no-async-operation","eslint",3,"Recommended,LWC,BestPractices,JavaScript","force-app/main/default/lwc/recordPathwaySelection/recordPathwaySelection.js",82,7,84,15,"Restricted async operation ""setTimeout""","https://github.com/salesforce/eslint-plugin-lwc/blob/v3.2.0/docs/rules/no-async-operation.md"
"prefer-const","eslint",3,"Recommended,BestPractices,JavaScript,TypeScript","force-app/main/default/lwc/successionContactCadence/successionContactCadence.js",208,9,208,18,"'baseClass' is never reassigned. Use 'const' instead.","https://eslint.org/docs/latest/rules/prefer-const"
"@lwc/lwc-platform/no-inline-disable","eslint",3,"Recommended,LWC,BestPractices,JavaScript","force-app/main/default/lwc/successionContactCadence/successionContactCadence.js",489,1,489,62,"Inline rule disablement not allowed: @lwc/lwc/no-async-operation",
"@lwc/lwc/no-api-reassignments","eslint",3,"Recommended,LWC,BestPractices,JavaScript","force-app/main/default/lwc/successionDisclaimDetails/successionDisclaimDetails.js",13,5,13,37,"Invalid reassignment of public property ""reason""","https://github.com/salesforce/eslint-plugin-lwc/blob/v3.2.0/docs/rules/no-api-reassignments.md"
"@lwc/lwc/no-api-reassignments","eslint",3,"Recommended,LWC,BestPractices,JavaScript","force-app/main/default/lwc/successionDisclaimDetails/successionDisclaimDetails.js",18,5,18,49,"Invalid reassignment of public property ""legalAttestation""","https://github.com/salesforce/eslint-plugin-lwc/blob/v3.2.0/docs/rules/no-api-reassignments.md"
"@lwc/lwc/no-api-reassignments","eslint",3,"Recommended,LWC,BestPractices,JavaScript","force-app/main/default/lwc/successionNewDafDetails/successionNewDafDetails.js",13,5,13,36,"Invalid reassignment of public property ""email""","https://github.com/salesforce/eslint-plugin-lwc/blob/v3.2.0/docs/rules/no-api-reassignments.md"
"@lwc/lwc/no-api-reassignments","eslint",3,"Recommended,LWC,BestPractices,JavaScript","force-app/main/default/lwc/successionNewDafDetails/successionNewDafDetails.js",18,5,18,50,"Invalid reassignment of public property ""termsAcknowledged""","https://github.com/salesforce/eslint-plugin-lwc/blob/v3.2.0/docs/rules/no-api-reassignments.md"
"@lwc/lwc/no-api-reassignments","eslint",3,"Recommended,LWC,BestPractices,JavaScript","force-app/main/default/lwc/successionPathwaySelector/successionPathwaySelector.js",79,5,79,35,"Invalid reassignment of public property ""selectedPathway""","https://github.com/salesforce/eslint-plugin-lwc/blob/v3.2.0/docs/rules/no-api-reassignments.md"
"@lwc/lwc/no-api-reassignments","eslint",3,"Recommended,LWC,BestPractices,JavaScript","force-app/main/default/lwc/successionReviewAndSign/successionReviewAndSign.js",70,5,70,44,"Invalid reassignment of public property ""signatureName""","https://github.com/salesforce/eslint-plugin-lwc/blob/v3.2.0/docs/rules/no-api-reassignments.md"
"ApexDoc","pmd",4,"Recommended,Documentation,Apex","force-app/main/default/classes/CaseHierarchyController.cls",15,21,256,2,"Missing ApexDoc @description","https://docs.pmd-code.org/pmd-doc-7.16.0/pmd_rules_apex_documentation.html#apexdoc"
"ApexDoc","pmd",4,"Recommended,Documentation,Apex","force-app/main/default/classes/CaseHierarchyController.cls",19,10,24,4,"Missing ApexDoc @description","https://docs.pmd-code.org/pmd-doc-7.16.0/pmd_rules_apex_documentation.html#apexdoc"
"ApexDoc","pmd",4,"Recommended,Documentation,Apex","force-app/main/default/classes/CaseHierarchyController.cls",21,12,21,41,"Missing ApexDoc comment","https://docs.pmd-code.org/pmd-doc-7.16.0/pmd_rules_apex_documentation.html#apexdoc"
"ApexDoc","pmd",4,"Recommended,Documentation,Apex","force-app/main/default/classes/CaseHierarchyController.cls",23,12,23,56,"Missing ApexDoc comment","https://docs.pmd-code.org/pmd-doc-7.16.0/pmd_rules_apex_documentation.html#apexdoc"
"ApexDoc","pmd",4,"Recommended,Documentation,Apex","force-app/main/default/classes/CaseHierarchyController.cls",29,10,36,4,"Missing ApexDoc @description","https://docs.pmd-code.org/pmd-doc-7.16.0/pmd_rules_apex_documentation.html#apexdoc"
"ApexDoc","pmd",4,"Recommended,Documentation,Apex","force-app/main/default/classes/CaseHierarchyController.cls",31,12,31,41,"Missing ApexDoc comment","https://docs.pmd-code.org/pmd-doc-7.16.0/pmd_rules_apex_documentation.html#apexdoc"
"ApexDoc","pmd",4,"Recommended,Documentation,Apex","force-app/main/default/classes/CaseHierarchyController.cls",33,12,33,71,"Missing ApexDoc comment","https://docs.pmd-code.org/pmd-doc-7.16.0/pmd_rules_apex_documentation.html#apexdoc"
"ApexDoc","pmd",4,"Recommended,Documentation,Apex","force-app/main/default/classes/CaseHierarchyController.cls",35,12,35,56,"Missing ApexDoc comment","https://docs.pmd-code.org/pmd-doc-7.16.0/pmd_rules_apex_documentation.html#apexdoc"
"ApexDoc","pmd",4,"Recommended,Documentation,Apex","force-app/main/default/classes/CaseHierarchyController.cls",41,10,56,4,"Missing ApexDoc @description","https://docs.pmd-code.org/pmd-doc-7.16.0/pmd_rules_apex_documentation.html#apexdoc"
"ApexDoc","pmd",4,"Recommended,Documentation,Apex","force-app/main/default/classes/CaseHierarchyController.cls",43,12,43,46,"Missing ApexDoc comment","https://docs.pmd-code.org/pmd-doc-7.16.0/pmd_rules_apex_documentation.html#apexdoc"
"ApexDoc","pmd",4,"Recommended,Documentation,Apex","force-app/main/default/classes/CaseHierarchyController.cls",45,12,45,47,"Missing ApexDoc comment","https://docs.pmd-code.org/pmd-doc-7.16.0/pmd_rules_apex_documentation.html#apexdoc"
"ApexDoc","pmd",4,"Recommended,Documentation,Apex","force-app/main/default/classes/CaseHierarchyController.cls",47,12,47,47,"Missing ApexDoc comment","https://docs.pmd-code.org/pmd-doc-7.16.0/pmd_rules_apex_documentation.html#apexdoc"
"ApexDoc","pmd",4,"Recommended,Documentation,Apex","force-app/main/default/classes/CaseHierarchyController.cls",49,12,49,51,"Missing ApexDoc comment","https://docs.pmd-code.org/pmd-doc-7.16.0/pmd_rules_apex_documentation.html#apexdoc"
"ApexDoc","pmd",4,"Recommended,Documentation,Apex","force-app/main/default/classes/CaseHierarchyController.cls",51,12,51,40,"Missing ApexDoc comment","https://docs.pmd-code.org/pmd-doc-7.16.0/pmd_rules_apex_documentation.html#apexdoc"
"ApexDoc","pmd",4,"Recommended,Documentation,Apex","force-app/main/default/classes/CaseHierarchyController.cls",53,12,53,39,"Missing ApexDoc comment","https://docs.pmd-code.org/pmd-doc-7.16.0/pmd_rules_apex_documentation.html#apexdoc"
"ApexDoc","pmd",4,"Recommended,Documentation,Apex","force-app/main/default/classes/CaseHierarchyController.cls",55,12,55,35,"Missing ApexDoc comment","https://docs.pmd-code.org/pmd-doc-7.16.0/pmd_rules_apex_documentation.html#apexdoc"
"ExcessiveParameterList","pmd",3,"Recommended,Design,Apex","force-app/main/default/classes/CaseHierarchyController.cls",70,17,76,31,"Avoid long parameter lists.","https://docs.pmd-code.org/pmd-doc-7.16.0/pmd_rules_apex_design.html#excessiveparameterlist"
"ApexDoc","pmd",4,"Recommended,Documentation,Apex","force-app/main/default/classes/CaseHierarchyController.cls",70,17,255,4,"Missing ApexDoc @description","https://docs.pmd-code.org/pmd-doc-7.16.0/pmd_rules_apex_documentation.html#apexdoc"
"NcssMethodCount","pmd",4,"Recommended,Design,Apex","force-app/main/default/classes/CaseHierarchyController.cls",70,17,255,4,"The method 'getCaseHierarchy()' has an NCSS line count of 59 (limit: 40)","https://docs.pmd-code.org/pmd-doc-7.16.0/pmd_rules_apex_design.html#ncssmethodcount"
"CognitiveComplexity","pmd",3,"Recommended,Design,Apex","force-app/main/default/classes/CaseHierarchyController.cls",70,17,255,4,"The method 'getCaseHierarchy(Id, String, Boolean, Boolean, String, String)' has a cognitive complexity of 41, current threshold is 15","https://docs.pmd-code.org/pmd-doc-7.16.0/pmd_rules_apex_design.html#cognitivecomplexity"
"CyclomaticComplexity","pmd",3,"Recommended,Design,Apex","force-app/main/default/classes/CaseHierarchyController.cls",70,17,255,4,"The method 'getCaseHierarchy(Id, String, Boolean, Boolean, String, String)' has a cyclomatic complexity of 21.","https://docs.pmd-code.org/pmd-doc-7.16.0/pmd_rules_apex_design.html#cyclomaticcomplexity"
"AvoidBooleanMethodParameters","pmd",3,"Recommended,Design,Apex","force-app/main/default/classes/CaseHierarchyController.cls",73,5,73,37,"Avoid Boolean method parameters","https://docs.pmd-code.org/pmd-doc-7.16.0/pmd_rules_apex_design.html#avoidbooleanmethodparameters"
"AvoidBooleanMethodParameters","pmd",3,"Recommended,Design,Apex","force-app/main/default/classes/CaseHierarchyController.cls",74,5,74,32,"Avoid Boolean method parameters","https://docs.pmd-code.org/pmd-doc-7.16.0/pmd_rules_apex_design.html#avoidbooleanmethodparameters"
"ApexSOQLInjection","pmd",2,"Recommended,Security,Apex","force-app/main/default/classes/CaseHierarchyController.cls",130,46,130,56,"Avoid untrusted/unescaped variables in DML query","https://docs.pmd-code.org/pmd-doc-7.16.0/pmd_rules_apex_security.html#apexsoqlinjection"
"ApexCRUDViolation","pmd",2,"Recommended,Security,Apex","force-app/main/default/classes/CaseHierarchyController.cls",148,13,158,14,"Validate CRUD permission before SOQL/DML operation or enforce user mode","https://docs.pmd-code.org/pmd-doc-7.16.0/pmd_rules_apex_security.html#apexcrudviolation"
"AvoidDeeplyNestedIfStmts","pmd",3,"Recommended,Design,Apex","force-app/main/default/classes/CaseHierarchyController.cls",172,11,187,12,"Deeply nested if..then statements are hard to read","https://docs.pmd-code.org/pmd-doc-7.16.0/pmd_rules_apex_design.html#avoiddeeplynestedifstmts"
"ApexSOQLInjection","pmd",2,"Recommended,Security,Apex","force-app/main/default/classes/CaseHierarchyController.cls",193,13,193,22,"Avoid untrusted/unescaped variables in DML query","https://docs.pmd-code.org/pmd-doc-7.16.0/pmd_rules_apex_security.html#apexsoqlinjection"
"AvoidDeeplyNestedIfStmts","pmd",3,"Recommended,Design,Apex","force-app/main/default/classes/CaseHierarchyController.cls",198,13,205,14,"Deeply nested if..then statements are hard to read","https://docs.pmd-code.org/pmd-doc-7.16.0/pmd_rules_apex_design.html#avoiddeeplynestedifstmts"
"ApexUnitTestClassShouldHaveRunAs","pmd",4,"Recommended,BestPractices,Apex","force-app/main/default/classes/CaseHierarchyController_Test.cls",181,10,263,4,"Apex unit test classes should have at least one System.runAs() call","https://docs.pmd-code.org/pmd-doc-7.16.0/pmd_rules_apex_bestpractices.html#apexunittestclassshouldhaverunas"
"ApexDoc","pmd",4,"Recommended,Documentation,Apex","force-app/main/default/classes/CaseHierarchyController_Test.cls",181,10,263,4,"Missing ApexDoc @description","https://docs.pmd-code.org/pmd-doc-7.16.0/pmd_rules_apex_documentation.html#apexdoc"
"MethodNamingConventions","pmd",3,"Recommended,CodeStyle,Apex","force-app/main/default/classes/CaseHierarchyController_Test.cls",181,10,263,4,"The test method name 'testGetCaseHierarchy_AllOptionsEnabled' doesn't match '[a-z][a-zA-Z0-9]*'","https://docs.pmd-code.org/pmd-doc-7.16.0/pmd_rules_apex_codestyle.html#methodnamingconventions"
"ApexUnitTestClassShouldHaveRunAs","pmd",4,"Recommended,BestPractices,Apex","force-app/main/default/classes/CaseHierarchyController_Test.cls",269,10,303,4,"Apex unit test classes should have at least one System.runAs() call","https://docs.pmd-code.org/pmd-doc-7.16.0/pmd_rules_apex_bestpractices.html#apexunittestclassshouldhaverunas"
"ApexDoc","pmd",4,"Recommended,Documentation,Apex","force-app/main/default/classes/CaseHierarchyController_Test.cls",269,10,303,4,"Missing ApexDoc @description","https://docs.pmd-code.org/pmd-doc-7.16.0/pmd_rules_apex_documentation.html#apexdoc"
"MethodNamingConventions","pmd",3,"Recommended,CodeStyle,Apex","force-app/main/default/classes/CaseHierarchyController_Test.cls",269,10,303,4,"The test method name 'testGetCaseHierarchy_NoFinancialAccounts' doesn't match '[a-z][a-zA-Z0-9]*'","https://docs.pmd-code.org/pmd-doc-7.16.0/pmd_rules_apex_codestyle.html#methodnamingconventions"
"ApexUnitTestClassShouldHaveRunAs","pmd",4,"Recommended,BestPractices,Apex","force-app/main/default/classes/CaseHierarchyController_Test.cls",309,10,341,4,"Apex unit test classes should have at least one System.runAs() call","https://docs.pmd-code.org/pmd-doc-7.16.0/pmd_rules_apex_bestpractices.html#apexunittestclassshouldhaverunas"
"ApexDoc","pmd",4,"Recommended,Documentation,Apex","force-app/main/default/classes/CaseHierarchyController_Test.cls",309,10,341,4,"Missing ApexDoc @description","https://docs.pmd-code.org/pmd-doc-7.16.0/pmd_rules_apex_documentation.html#apexdoc"
"MethodNamingConventions","pmd",3,"Recommended,CodeStyle,Apex","force-app/main/default/classes/CaseHierarchyController_Test.cls",309,10,341,4,"The test method name 'testGetCaseHierarchy_NoAccountRoles' doesn't match '[a-z][a-zA-Z0-9]*'","https://docs.pmd-code.org/pmd-doc-7.16.0/pmd_rules_apex_codestyle.html#methodnamingconventions"
"ApexUnitTestClassShouldHaveRunAs","pmd",4,"Recommended,BestPractices,Apex","force-app/main/default/classes/CaseHierarchyController_Test.cls",347,10,380,4,"Apex unit test classes should have at least one System.runAs() call","https://docs.pmd-code.org/pmd-doc-7.16.0/pmd_rules_apex_bestpractices.html#apexunittestclassshouldhaverunas"
"ApexDoc","pmd",4,"Recommended,Documentation,Apex","force-app/main/default/classes/CaseHierarchyController_Test.cls",347,10,380,4,"Missing ApexDoc @description","https://docs.pmd-code.org/pmd-doc-7.16.0/pmd_rules_apex_documentation.html#apexdoc"
"MethodNamingConventions","pmd",3,"Recommended,CodeStyle,Apex","force-app/main/default/classes/CaseHierarchyController_Test.cls",347,10,380,4,"The test method name 'testGetCaseHierarchy_StatusExclusion' doesn't match '[a-z][a-zA-Z0-9]*'","https://docs.pmd-code.org/pmd-doc-7.16.0/pmd_rules_apex_codestyle.html#methodnamingconventions"
"ApexUnitTestClassShouldHaveRunAs","pmd",4,"Recommended,BestPractices,Apex","force-app/main/default/classes/CaseHierarchyController_Test.cls",386,10,416,4,"Apex unit test classes should have at least one System.runAs() call","https://docs.pmd-code.org/pmd-doc-7.16.0/pmd_rules_apex_bestpractices.html#apexunittestclassshouldhaverunas"
"ApexDoc","pmd",4,"Recommended,Documentation,Apex","force-app/main/default/classes/CaseHierarchyController_Test.cls",386,10,416,4,"Missing ApexDoc @description","https://docs.pmd-code.org/pmd-doc-7.16.0/pmd_rules_apex_documentation.html#apexdoc"
"MethodNamingConventions","pmd",3,"Recommended,CodeStyle,Apex","force-app/main/default/classes/CaseHierarchyController_Test.cls",386,10,416,4,"The test method name 'testGetCaseHierarchy_RoleFilter' doesn't match '[a-z][a-zA-Z0-9]*'","https://docs.pmd-code.org/pmd-doc-7.16.0/pmd_rules_apex_codestyle.html#methodnamingconventions"
"ApexUnitTestClassShouldHaveRunAs","pmd",4,"Recommended,BestPractices,Apex","force-app/main/default/classes/CaseHierarchyController_Test.cls",422,10,461,4,"Apex unit test classes should have at least one System.runAs() call","https://docs.pmd-code.org/pmd-doc-7.16.0/pmd_rules_apex_bestpractices.html#apexunittestclassshouldhaverunas"
"ApexDoc","pmd",4,"Recommended,Documentation,Apex","force-app/main/default/classes/CaseHierarchyController_Test.cls",422,10,461,4,"Missing ApexDoc @description","https://docs.pmd-code.org/pmd-doc-7.16.0/pmd_rules_apex_documentation.html#apexdoc"
"MethodNamingConventions","pmd",3,"Recommended,CodeStyle,Apex","force-app/main/default/classes/CaseHierarchyController_Test.cls",422,10,461,4,"The test method name 'testGetCaseHierarchy_NoChildCases' doesn't match '[a-z][a-zA-Z0-9]*'","https://docs.pmd-code.org/pmd-doc-7.16.0/pmd_rules_apex_codestyle.html#methodnamingconventions"
"ApexUnitTestClassShouldHaveRunAs","pmd",4,"Recommended,BestPractices,Apex","force-app/main/default/classes/CaseHierarchyController_Test.cls",467,10,491,4,"Apex unit test classes should have at least one System.runAs() call","https://docs.pmd-code.org/pmd-doc-7.16.0/pmd_rules_apex_bestpractices.html#apexunittestclassshouldhaverunas"
"ApexDoc","pmd",4,"Recommended,Documentation,Apex","force-app/main/default/classes/CaseHierarchyController_Test.cls",467,10,491,4,"Missing ApexDoc @description","https://docs.pmd-code.org/pmd-doc-7.16.0/pmd_rules_apex_documentation.html#apexdoc"
"MethodNamingConventions","pmd",3,"Recommended,CodeStyle,Apex","force-app/main/default/classes/CaseHierarchyController_Test.cls",467,10,491,4,"The test method name 'testGetCaseHierarchy_InvalidCaseId' doesn't match '[a-z][a-zA-Z0-9]*'","https://docs.pmd-code.org/pmd-doc-7.16.0/pmd_rules_apex_codestyle.html#methodnamingconventions"
"AvoidHardcodingId","pmd",3,"Recommended,ErrorProne,Apex","force-app/main/default/classes/CaseHierarchyController_Test.cls",469,21,469,41,"Hardcoding Ids is bound to break when changing environments.","https://docs.pmd-code.org/pmd-doc-7.16.0/pmd_rules_apex_errorprone.html#avoidhardcodingid"
"UnusedLocalVariable","pmd",3,"Recommended,BestPractices,Apex","force-app/main/default/classes/CaseHierarchyController_Test.cls",473,49,480,8,"Variable 'result' defined but not used","https://docs.pmd-code.org/pmd-doc-7.16.0/pmd_rules_apex_bestpractices.html#unusedlocalvariable"
"ApexUnitTestClassShouldHaveRunAs","pmd",4,"Recommended,BestPractices,Apex","force-app/main/default/classes/CaseHierarchyController_Test.cls",497,10,514,4,"Apex unit test classes should have at least one System.runAs() call","https://docs.pmd-code.org/pmd-doc-7.16.0/pmd_rules_apex_bestpractices.html#apexunittestclassshouldhaverunas"
"ApexDoc","pmd",4,"Recommended,Documentation,Apex","force-app/main/default/classes/CaseHierarchyController_Test.cls",497,10,514,4,"Missing ApexDoc @description","https://docs.pmd-code.org/pmd-doc-7.16.0/pmd_rules_apex_documentation.html#apexdoc"
"MethodNamingConventions","pmd",3,"Recommended,CodeStyle,Apex","force-app/main/default/classes/CaseHierarchyController_Test.cls",497,10,514,4,"The test method name 'testGetCaseHierarchy_NullCaseId' doesn't match '[a-z][a-zA-Z0-9]*'","https://docs.pmd-code.org/pmd-doc-7.16.0/pmd_rules_apex_codestyle.html#methodnamingconventions"
"UnusedLocalVariable","pmd",3,"Recommended,BestPractices,Apex","force-app/main/default/classes/CaseHierarchyController_Test.cls",500,49,507,8,"Variable 'result' defined but not used","https://docs.pmd-code.org/pmd-doc-7.16.0/pmd_rules_apex_bestpractices.html#unusedlocalvariable"
"ApexUnitTestClassShouldHaveRunAs","pmd",4,"Recommended,BestPractices,Apex","force-app/main/default/classes/CaseHierarchyController_Test.cls",520,10,553,4,"Apex unit test classes should have at least one System.runAs() call","https://docs.pmd-code.org/pmd-doc-7.16.0/pmd_rules_apex_bestpractices.html#apexunittestclassshouldhaverunas"
"ApexDoc","pmd",4,"Recommended,Documentation,Apex","force-app/main/default/classes/CaseHierarchyController_Test.cls",520,10,553,4,"Missing ApexDoc @description","https://docs.pmd-code.org/pmd-doc-7.16.0/pmd_rules_apex_documentation.html#apexdoc"
"ApexDoc","pmd",4,"Recommended,Documentation,Apex","force-app/main/default/classes/ContactCadenceController.cls",10,21,572,2,"Missing ApexDoc @description","https://docs.pmd-code.org/pmd-doc-7.16.0/pmd_rules_apex_documentation.html#apexdoc"
"CognitiveComplexity","pmd",3,"Recommended,Design,Apex","force-app/main/default/classes/ContactCadenceController.cls",10,21,572,2,"The class 'ContactCadenceController' has a total cognitive complexity of 68 (highest 41), current threshold is 50","https://docs.pmd-code.org/pmd-doc-7.16.0/pmd_rules_apex_design.html#cognitivecomplexity"
"CyclomaticComplexity","pmd",3,"Recommended,Design,Apex","force-app/main/default/classes/ContactCadenceController.cls",10,21,572,2,"The class 'ContactCadenceController' has a total cyclomatic complexity of 46 (highest 20).","https://docs.pmd-code.org/pmd-doc-7.16.0/pmd_rules_apex_design.html#cyclomaticcomplexity"
"ApexDoc","pmd",4,"Recommended,Documentation,Apex","force-app/main/default/classes/ContactCadenceController.cls",14,10,39,4,"Missing ApexDoc @description","https://docs.pmd-code.org/pmd-doc-7.16.0/pmd_rules_apex_documentation.html#apexdoc"
"ApexDoc","pmd",4,"Recommended,Documentation,Apex","force-app/main/default/classes/ContactCadenceController.cls",16,12,16,41,"Missing ApexDoc comment","https://docs.pmd-code.org/pmd-doc-7.16.0/pmd_rules_apex_documentation.html#apexdoc"
"ApexDoc","pmd",4,"Recommended,Documentation,Apex","force-app/main/default/classes/ContactCadenceController.cls",18,12,18,47,"Missing ApexDoc comment","https://docs.pmd-code.org/pmd-doc-7.16.0/pmd_rules_apex_documentation.html#apexdoc"
"ApexDoc","pmd",4,"Recommended,Documentation,Apex","force-app/main/default/classes/ContactCadenceController.cls",20,12,20,45,"Missing ApexDoc comment","https://docs.pmd-code.org/pmd-doc-7.16.0/pmd_rules_apex_documentation.html#apexdoc"
"ApexDoc","pmd",4,"Recommended,Documentation,Apex","force-app/main/default/classes/ContactCadenceController.cls",22,12,22,41,"Missing ApexDoc comment","https://docs.pmd-code.org/pmd-doc-7.16.0/pmd_rules_apex_documentation.html#apexdoc"
"ApexDoc","pmd",4,"Recommended,Documentation,Apex","force-app/main/default/classes/ContactCadenceController.cls",24,12,24,44,"Missing ApexDoc comment","https://docs.pmd-code.org/pmd-doc-7.16.0/pmd_rules_apex_documentation.html#apexdoc"
"ApexDoc","pmd",4,"Recommended,Documentation,Apex","force-app/main/default/classes/ContactCadenceController.cls",26,12,26,45,"Missing ApexDoc comment","https://docs.pmd-code.org/pmd-doc-7.16.0/pmd_rules_apex_documentation.html#apexdoc"
"AvoidBooleanMethodParameters","pmd",3,"Recommended,Design,Apex","force-app/main/default/classes/ContactCadenceController.cls",26,39,26,43,"Avoid Boolean method parameters","https://docs.pmd-code.org/pmd-doc-7.16.0/pmd_rules_apex_design.html#avoidbooleanmethodparameters"
"ApexDoc","pmd",4,"Recommended,Documentation,Apex","force-app/main/default/classes/ContactCadenceController.cls",28,12,28,43,"Missing ApexDoc comment","https://docs.pmd-code.org/pmd-doc-7.16.0/pmd_rules_apex_documentation.html#apexdoc"
"AvoidBooleanMethodParameters","pmd",3,"Recommended,Design,Apex","force-app/main/default/classes/ContactCadenceController.cls",28,37,28,41,"Avoid Boolean method parameters","https://docs.pmd-code.org/pmd-doc-7.16.0/pmd_rules_apex_design.html#avoidbooleanmethodparameters"
"ApexDoc","pmd",4,"Recommended,Documentation,Apex","force-app/main/default/classes/ContactCadenceController.cls",30,12,30,43,"Missing ApexDoc comment","https://docs.pmd-code.org/pmd-doc-7.16.0/pmd_rules_apex_documentation.html#apexdoc"
"AvoidBooleanMethodParameters","pmd",3,"Recommended,Design,Apex","force-app/main/default/classes/ContactCadenceController.cls",30,37,30,41,"Avoid Boolean method parameters","https://docs.pmd-code.org/pmd-doc-7.16.0/pmd_rules_apex_design.html#avoidbooleanmethodparameters"
"ApexDoc","pmd",4,"Recommended,Documentation,Apex","force-app/main/default/classes/ContactCadenceController.cls",32,12,32,42,"Missing ApexDoc comment","https://docs.pmd-code.org/pmd-doc-7.16.0/pmd_rules_apex_documentation.html#apexdoc"
"AvoidBooleanMethodParameters","pmd",3,"Recommended,Design,Apex","force-app/main/default/classes/ContactCadenceController.cls",32,36,32,40,"Avoid Boolean method parameters","https://docs.pmd-code.org/pmd-doc-7.16.0/pmd_rules_apex_design.html#avoidbooleanmethodparameters"
"ApexDoc","pmd",4,"Recommended,Documentation,Apex","force-app/main/default/classes/ContactCadenceController.cls",34,12,34,49,"Missing ApexDoc comment","https://docs.pmd-code.org/pmd-doc-7.16.0/pmd_rules_apex_documentation.html#apexdoc"
"ApexDoc","pmd",4,"Recommended,Documentation,Apex","force-app/main/default/classes/ContactCadenceController.cls",36,12,36,52,"Missing ApexDoc comment","https://docs.pmd-code.org/pmd-doc-7.16.0/pmd_rules_apex_documentation.html#apexdoc"
"ApexDoc","pmd",4,"Recommended,Documentation,Apex","force-app/main/default/classes/ContactCadenceController.cls",38,12,38,46,"Missing ApexDoc comment","https://docs.pmd-code.org/pmd-doc-7.16.0/pmd_rules_apex_documentation.html#apexdoc"
"ApexDoc","pmd",4,"Recommended,Documentation,Apex","force-app/main/default/classes/ContactCadenceController.cls",44,10,77,4,"Missing ApexDoc @description","https://docs.pmd-code.org/pmd-doc-7.16.0/pmd_rules_apex_documentation.html#apexdoc"
"ApexDoc","pmd",4,"Recommended,Documentation,Apex","force-app/main/default/classes/ContactCadenceController.cls",46,12,46,51,"Missing ApexDoc comment","https://docs.pmd-code.org/pmd-doc-7.16.0/pmd_rules_apex_documentation.html#apexdoc"
"AvoidBooleanMethodParameters","pmd",3,"Recommended,Design,Apex","force-app/main/default/classes/ContactCadenceController.cls",46,45,46,49,"Avoid Boolean method parameters","https://docs.pmd-code.org/pmd-doc-7.16.0/pmd_rules_apex_design.html#avoidbooleanmethodparameters"
"ApexDoc","pmd",4,"Recommended,Documentation,Apex","force-app/main/default/classes/ContactCadenceController.cls",48,12,48,57,"Missing ApexDoc comment","https://docs.pmd-code.org/pmd-doc-7.16.0/pmd_rules_apex_documentation.html#apexdoc"
"ApexDoc","pmd",4,"Recommended,Documentation,Apex","force-app/main/default/classes/ContactCadenceController.cls",50,12,50,56,"Missing ApexDoc comment","https://docs.pmd-code.org/pmd-doc-7.16.0/pmd_rules_apex_documentation.html#apexdoc"
"ApexDoc","pmd",4,"Recommended,Documentation,Apex","force-app/main/default/classes/ContactCadenceController.cls",52,12,52,54,"Missing ApexDoc comment","https://docs.pmd-code.org/pmd-doc-7.16.0/pmd_rules_apex_documentation.html#apexdoc"
"ApexDoc","pmd",4,"Recommended,Documentation,Apex","force-app/main/default/classes/ContactCadenceController.cls",54,12,54,47,"Missing ApexDoc comment","https://docs.pmd-code.org/pmd-doc-7.16.0/pmd_rules_apex_documentation.html#apexdoc"
"ApexDoc","pmd",4,"Recommended,Documentation,Apex","force-app/main/default/classes/ContactCadenceController.cls",56,12,56,52,"Missing ApexDoc comment","https://docs.pmd-code.org/pmd-doc-7.16.0/pmd_rules_apex_documentation.html#apexdoc"
"AvoidBooleanMethodParameters","pmd",3,"Recommended,Design,Apex","force-app/main/default/classes/ContactCadenceController.cls",56,46,56,50,"Avoid Boolean method parameters","https://docs.pmd-code.org/pmd-doc-7.16.0/pmd_rules_apex_design.html#avoidbooleanmethodparameters"
"ApexDoc","pmd",4,"Recommended,Documentation,Apex","force-app/main/default/classes/ContactCadenceController.cls",58,12,58,43,"Missing ApexDoc comment","https://docs.pmd-code.org/pmd-doc-7.16.0/pmd_rules_apex_documentation.html#apexdoc"
"ApexDoc","pmd",4,"Recommended,Documentation,Apex","force-app/main/default/classes/ContactCadenceController.cls",60,12,60,38,"Missing ApexDoc comment","https://docs.pmd-code.org/pmd-doc-7.16.0/pmd_rules_apex_documentation.html#apexdoc"
"ApexDoc","pmd",4,"Recommended,Documentation,Apex","force-app/main/default/classes/ContactCadenceController.cls",62,12,62,38,"Missing ApexDoc comment","https://docs.pmd-code.org/pmd-doc-7.16.0/pmd_rules_apex_documentation.html#apexdoc"
"ApexDoc","pmd",4,"Recommended,Documentation,Apex","force-app/main/default/classes/ContactCadenceController.cls",64,12,64,49,"Missing ApexDoc comment","https://docs.pmd-code.org/pmd-doc-7.16.0/pmd_rules_apex_documentation.html#apexdoc"
"AvoidBooleanMethodParameters","pmd",3,"Recommended,Design,Apex","force-app/main/default/classes/ContactCadenceController.cls",64,43,64,47,"Avoid Boolean method parameters","https://docs.pmd-code.org/pmd-doc-7.16.0/pmd_rules_apex_design.html#avoidbooleanmethodparameters"
"ApexDoc","pmd",4,"Recommended,Documentation,Apex","force-app/main/default/classes/ContactCadenceController.cls",68,12,68,45,"Missing ApexDoc comment","https://docs.pmd-code.org/pmd-doc-7.16.0/pmd_rules_apex_documentation.html#apexdoc"
"ApexDoc","pmd",4,"Recommended,Documentation,Apex","force-app/main/default/classes/ContactCadenceController.cls",70,12,70,42,"Missing ApexDoc comment","https://docs.pmd-code.org/pmd-doc-7.16.0/pmd_rules_apex_documentation.html#apexdoc"
"AvoidBooleanMethodParameters","pmd",3,"Recommended,Design,Apex","force-app/main/default/classes/ContactCadenceController.cls",70,36,70,40,"Avoid Boolean method parameters","https://docs.pmd-code.org/pmd-doc-7.16.0/pmd_rules_apex_design.html#avoidbooleanmethodparameters"
"ApexDoc","pmd",4,"Recommended,Documentation,Apex","force-app/main/default/classes/ContactCadenceController.cls",72,12,72,53,"Missing ApexDoc comment","https://docs.pmd-code.org/pmd-doc-7.16.0/pmd_rules_apex_documentation.html#apexdoc"
"AvoidBooleanMethodParameters","pmd",3,"Recommended,Design,Apex","force-app/main/default/classes/ContactCadenceController.cls",72,47,72,51,"Avoid Boolean method parameters","https://docs.pmd-code.org/pmd-doc-7.16.0/pmd_rules_apex_design.html#avoidbooleanmethodparameters"
"ApexDoc","pmd",4,"Recommended,Documentation,Apex","force-app/main/default/classes/ContactCadenceController.cls",74,12,74,45,"Missing ApexDoc comment","https://docs.pmd-code.org/pmd-doc-7.16.0/pmd_rules_apex_documentation.html#apexdoc"
"AvoidBooleanMethodParameters","pmd",3,"Recommended,Design,Apex","force-app/main/default/classes/ContactCadenceController.cls",74,39,74,43,"Avoid Boolean method parameters","https://docs.pmd-code.org/pmd-doc-7.16.0/pmd_rules_apex_design.html#avoidbooleanmethodparameters"
"ApexDoc","pmd",4,"Recommended,Documentation,Apex","force-app/main/default/classes/ContactCadenceController.cls",76,12,76,45,"Missing ApexDoc comment","https://docs.pmd-code.org/pmd-doc-7.16.0/pmd_rules_apex_documentation.html#apexdoc"
"ApexDoc","pmd",4,"Recommended,Documentation,Apex","force-app/main/default/classes/ContactCadenceController.cls",86,17,281,4,"Missing ApexDoc @description","https://docs.pmd-code.org/pmd-doc-7.16.0/pmd_rules_apex_documentation.html#apexdoc"
"NcssMethodCount","pmd",4,"Recommended,Design,Apex","force-app/main/default/classes/ContactCadenceController.cls",86,17,281,4,"The method 'getContactCadence()' has an NCSS line count of 50 (limit: 40)","https://docs.pmd-code.org/pmd-doc-7.16.0/pmd_rules_apex_design.html#ncssmethodcount"
"CognitiveComplexity","pmd",3,"Recommended,Design,Apex","force-app/main/default/classes/ContactCadenceController.cls",86,17,281,4,"The method 'getContactCadence(Id)' has a cognitive complexity of 41, current threshold is 15","https://docs.pmd-code.org/pmd-doc-7.16.0/pmd_rules_apex_design.html#cognitivecomplexity"
"CyclomaticComplexity","pmd",3,"Recommended,Design,Apex","force-app/main/default/classes/ContactCadenceController.cls",86,17,281,4,"The method 'getContactCadence(Id)' has a cyclomatic complexity of 20.","https://docs.pmd-code.org/pmd-doc-7.16.0/pmd_rules_apex_design.html#cyclomaticcomplexity"
"ApexCRUDViolation","pmd",2,"Recommended,Security,Apex","force-app/main/default/classes/ContactCadenceController.cls",91,23,109,6,"Validate CRUD permission before SOQL/DML operation or enforce user mode","https://docs.pmd-code.org/pmd-doc-7.16.0/pmd_rules_apex_security.html#apexcrudviolation"
"ApexCRUDViolation","pmd",2,"Recommended,Security,Apex","force-app/main/default/classes/ContactCadenceController.cls",151,31,165,6,"Validate CRUD permission before SOQL/DML operation or enforce user mode","https://docs.pmd-code.org/pmd-doc-7.16.0/pmd_rules_apex_security.html#apexcrudviolation"
"AvoidDeeplyNestedIfStmts","pmd",3,"Recommended,Design,Apex","force-app/main/default/classes/ContactCadenceController.cls",248,11,258,12,"Deeply nested if..then statements are hard to read","https://docs.pmd-code.org/pmd-doc-7.16.0/pmd_rules_apex_design.html#avoiddeeplynestedifstmts"
"ExcessiveParameterList","pmd",3,"Recommended,Design,Apex","force-app/main/default/classes/ContactCadenceController.cls",294,17,299,17,"Avoid long parameter lists.","https://docs.pmd-code.org/pmd-doc-7.16.0/pmd_rules_apex_design.html#excessiveparameterlist"
"ApexDoc","pmd",4,"Recommended,Documentation,Apex","force-app/main/default/classes/ContactCadenceController.cls",294,17,402,4,"Missing ApexDoc @description","https://docs.pmd-code.org/pmd-doc-7.16.0/pmd_rules_apex_documentation.html#apexdoc"
"CyclomaticComplexity","pmd",3,"Recommended,Design,Apex","force-app/main/default/classes/ContactCadenceController.cls",294,17,402,4,"The method 'saveAttemptOutcome(Id, Id, Integer, Boolean, String)' has a cyclomatic complexity of 11.","https://docs.pmd-code.org/pmd-doc-7.16.0/pmd_rules_apex_design.html#cyclomaticcomplexity"
"AvoidBooleanMethodParameters","pmd",3,"Recommended,Design,Apex","force-app/main/default/classes/ContactCadenceController.cls",298,5,298,31,"Avoid Boolean method parameters","https://docs.pmd-code.org/pmd-doc-7.16.0/pmd_rules_apex_design.html#avoidbooleanmethodparameters"
"ApexCRUDViolation","pmd",2,"Recommended,Security,Apex","force-app/main/default/classes/ContactCadenceController.cls",316,23,326,10,"Validate CRUD permission before SOQL/DML operation or enforce user mode","https://docs.pmd-code.org/pmd-doc-7.16.0/pmd_rules_apex_security.html#apexcrudviolation"
"ApexCRUDViolation","pmd",2,"Recommended,Security,Apex","force-app/main/default/classes/ContactCadenceController.cls",345,7,345,26,"Validate CRUD permission before SOQL/DML operation or enforce user mode","https://docs.pmd-code.org/pmd-doc-7.16.0/pmd_rules_apex_security.html#apexcrudviolation"
"ApexCRUDViolation","pmd",2,"Recommended,Security,Apex","force-app/main/default/classes/ContactCadenceController.cls",345,7,345,26,"Validate CRUD permission before SOQL/DML operation or enforce user mode","https://docs.pmd-code.org/pmd-doc-7.16.0/pmd_rules_apex_security.html#apexcrudviolation"
"AvoidDebugStatements","pmd",4,"Recommended,Performance,Apex","force-app/main/default/classes/ContactCadenceController.cls",359,11,361,12,"Avoid debug statements since they impact on performance","https://docs.pmd-code.org/pmd-doc-7.16.0/pmd_rules_apex_performance.html#avoiddebugstatements"
"DebugsShouldUseLoggingLevel","pmd",4,"Recommended,BestPractices,Apex","force-app/main/default/classes/ContactCadenceController.cls",359,11,361,12,"Calls to System.debug should specify a logging level.","https://docs.pmd-code.org/pmd-doc-7.16.0/pmd_rules_apex_bestpractices.html#debugsshoulduselogginglevel"
"AvoidDebugStatements","pmd",4,"Recommended,Performance,Apex","force-app/main/default/classes/ContactCadenceController.cls",368,11,371,12,"Avoid debug statements since they impact on performance","https://docs.pmd-code.org/pmd-doc-7.16.0/pmd_rules_apex_performance.html#avoiddebugstatements"
"DebugsShouldUseLoggingLevel","pmd",4,"Recommended,BestPractices,Apex","force-app/main/default/classes/ContactCadenceController.cls",368,11,371,12,"Calls to System.debug should specify a logging level.","https://docs.pmd-code.org/pmd-doc-7.16.0/pmd_rules_apex_bestpractices.html#debugsshoulduselogginglevel"
"ApexCRUDViolation","pmd",2,"Recommended,Security,Apex","force-app/main/default/classes/ContactCadenceController.cls",376,25,385,8,"Validate CRUD permission before SOQL/DML operation or enforce user mode","https://docs.pmd-code.org/pmd-doc-7.16.0/pmd_rules_apex_security.html#apexcrudviolation"
"ApexCRUDViolation","pmd",2,"Recommended,Security,Apex","force-app/main/default/classes/ContactCadenceController.cls",392,9,392,27,"Validate CRUD permission before SOQL/DML operation or enforce user mode","https://docs.pmd-code.org/pmd-doc-7.16.0/pmd_rules_apex_security.html#apexcrudviolation"
"ExcessiveParameterList","pmd",3,"Recommended,Design,Apex","force-app/main/default/classes/ContactCadenceController.cls",412,18,416,23,"Avoid long parameter lists.","https://docs.pmd-code.org/pmd-doc-7.16.0/pmd_rules_apex_design.html#excessiveparameterlist"
"ApexDoc","pmd",4,"Recommended,Documentation,Apex","force-app/main/default/classes/ContactCadenceController.cls",412,18,467,4,"Missing ApexDoc @description","https://docs.pmd-code.org/pmd-doc-7.16.0/pmd_rules_apex_documentation.html#apexdoc"
"ApexCRUDViolation","pmd",2,"Recommended,Security,Apex","force-app/main/default/classes/ContactCadenceController.cls",450,5,450,17,"Validate CRUD permission before SOQL/DML operation or enforce user mode","https://docs.pmd-code.org/pmd-doc-7.16.0/pmd_rules_apex_security.html#apexcrudviolation"
"ApexCRUDViolation","pmd",2,"Recommended,Security,Apex","force-app/main/default/classes/ContactCadenceController.cls",454,27,459,6,"Validate CRUD permission before SOQL/DML operation or enforce user mode","https://docs.pmd-code.org/pmd-doc-7.16.0/pmd_rules_apex_security.html#apexcrudviolation"
"ApexCRUDViolation","pmd",2,"Recommended,Security,Apex","force-app/main/default/classes/ContactCadenceController.cls",466,5,466,16,"Validate CRUD permission before SOQL/DML operation or enforce user mode","https://docs.pmd-code.org/pmd-doc-7.16.0/pmd_rules_apex_security.html#apexcrudviolation"
"ExcessiveParameterList","pmd",3,"Recommended,Design,Apex","force-app/main/default/classes/ContactCadenceController.cls",477,18,481,23,"Avoid long parameter lists.","https://docs.pmd-code.org/pmd-doc-7.16.0/pmd_rules_apex_design.html#excessiveparameterlist"
"ApexDoc","pmd",4,"Recommended,Documentation,Apex","force-app/main/default/classes/ContactCadenceController.cls",477,18,512,4,"Missing ApexDoc @description","https://docs.pmd-code.org/pmd-doc-7.16.0/pmd_rules_apex_documentation.html#apexdoc"
"ApexCRUDViolation","pmd",2,"Recommended,Security,Apex","force-app/main/default/classes/ContactCadenceController.cls",511,5,511,17,"Validate CRUD permission before SOQL/DML operation or enforce user mode","https://docs.pmd-code.org/pmd-doc-7.16.0/pmd_rules_apex_security.html#apexcrudviolation"
"ApexDoc","pmd",4,"Recommended,Documentation,Apex","force-app/main/default/classes/ContactCadenceController.cls",520,18,571,4,"Missing ApexDoc @description","https://docs.pmd-code.org/pmd-doc-7.16.0/pmd_rules_apex_documentation.html#apexdoc"
"CyclomaticComplexity","pmd",3,"Recommended,Design,Apex","force-app/main/default/classes/ContactCadenceController.cls",520,18,571,4,"The method 'validateEmailAddress(Case, ContactCadenceData)' has a cyclomatic complexity of 10.","https://docs.pmd-code.org/pmd-doc-7.16.0/pmd_rules_apex_design.html#cyclomaticcomplexity"
"ApexUnitTestClassShouldHaveRunAs","pmd",4,"Recommended,BestPractices,Apex","force-app/main/default/classes/ContactCadenceController_Test.cls",248,10,345,4,"Apex unit test classes should have at least one System.runAs() call","https://docs.pmd-code.org/pmd-doc-7.16.0/pmd_rules_apex_bestpractices.html#apexunittestclassshouldhaverunas"
"ApexDoc","pmd",4,"Recommended,Documentation,Apex","force-app/main/default/classes/ContactCadenceController_Test.cls",248,10,345,4,"Missing ApexDoc @description","https://docs.pmd-code.org/pmd-doc-7.16.0/pmd_rules_apex_documentation.html#apexdoc"
"MethodNamingConventions","pmd",3,"Recommended,CodeStyle,Apex","force-app/main/default/classes/ContactCadenceController_Test.cls",248,10,345,4,"The test method name 'testGetContactCadence_PersonAccountWithValidEmail' doesn't match '[a-z][a-zA-Z0-9]*'","https://docs.pmd-code.org/pmd-doc-7.16.0/pmd_rules_apex_codestyle.html#methodnamingconventions"
"ApexUnitTestClassShouldHaveRunAs","pmd",4,"Recommended,BestPractices,Apex","force-app/main/default/classes/ContactCadenceController_Test.cls",351,10,390,4,"Apex unit test classes should have at least one System.runAs() call","https://docs.pmd-code.org/pmd-doc-7.16.0/pmd_rules_apex_bestpractices.html#apexunittestclassshouldhaverunas"
"ApexDoc","pmd",4,"Recommended,Documentation,Apex","force-app/main/default/classes/ContactCadenceController_Test.cls",351,10,390,4,"Missing ApexDoc @description","https://docs.pmd-code.org/pmd-doc-7.16.0/pmd_rules_apex_documentation.html#apexdoc"
"MethodNamingConventions","pmd",3,"Recommended,CodeStyle,Apex","force-app/main/default/classes/ContactCadenceController_Test.cls",351,10,390,4,"The test method name 'testGetContactCadence_BusinessAccountWithContact' doesn't match '[a-z][a-zA-Z0-9]*'","https://docs.pmd-code.org/pmd-doc-7.16.0/pmd_rules_apex_codestyle.html#methodnamingconventions"
"ApexUnitTestClassShouldHaveRunAs","pmd",4,"Recommended,BestPractices,Apex","force-app/main/default/classes/ContactCadenceController_Test.cls",397,10,418,4,"Apex unit test classes should have at least one System.runAs() call","https://docs.pmd-code.org/pmd-doc-7.16.0/pmd_rules_apex_bestpractices.html#apexunittestclassshouldhaverunas"
"ApexDoc","pmd",4,"Recommended,Documentation,Apex","force-app/main/default/classes/ContactCadenceController_Test.cls",397,10,418,4,"Missing ApexDoc @description","https://docs.pmd-code.org/pmd-doc-7.16.0/pmd_rules_apex_documentation.html#apexdoc"
"MethodNamingConventions","pmd",3,"Recommended,CodeStyle,Apex","force-app/main/default/classes/ContactCadenceController_Test.cls",397,10,418,4,"The test method name 'testGetContactCadence_OptedOutEmail' doesn't match '[a-z][a-zA-Z0-9]*'","https://docs.pmd-code.org/pmd-doc-7.16.0/pmd_rules_apex_codestyle.html#methodnamingconventions"
"ApexUnitTestClassShouldHaveRunAs","pmd",4,"Recommended,BestPractices,Apex","force-app/main/default/classes/ContactCadenceController_Test.cls",424,10,455,4,"Apex unit test classes should have at least one System.runAs() call","https://docs.pmd-code.org/pmd-doc-7.16.0/pmd_rules_apex_bestpractices.html#apexunittestclassshouldhaverunas"
"ApexDoc","pmd",4,"Recommended,Documentation,Apex","force-app/main/default/classes/ContactCadenceController_Test.cls",424,10,455,4,"Missing ApexDoc @description","https://docs.pmd-code.org/pmd-doc-7.16.0/pmd_rules_apex_documentation.html#apexdoc"
"MethodNamingConventions","pmd",3,"Recommended,CodeStyle,Apex","force-app/main/default/classes/ContactCadenceController_Test.cls",424,10,455,4,"The test method name 'testGetContactCadence_NoEmail' doesn't match '[a-z][a-zA-Z0-9]*'","https://docs.pmd-code.org/pmd-doc-7.16.0/pmd_rules_apex_codestyle.html#methodnamingconventions"
"ApexUnitTestClassShouldHaveRunAs","pmd",4,"Recommended,BestPractices,Apex","force-app/main/default/classes/ContactCadenceController_Test.cls",467,10,496,4,"Apex unit test classes should have at least one System.runAs() call","https://docs.pmd-code.org/pmd-doc-7.16.0/pmd_rules_apex_bestpractices.html#apexunittestclassshouldhaverunas"
"ApexDoc","pmd",4,"Recommended,Documentation,Apex","force-app/main/default/classes/ContactCadenceController_Test.cls",467,10,496,4,"Missing ApexDoc @description","https://docs.pmd-code.org/pmd-doc-7.16.0/pmd_rules_apex_documentation.html#apexdoc"
"MethodNamingConventions","pmd",3,"Recommended,CodeStyle,Apex","force-app/main/default/classes/ContactCadenceController_Test.cls",467,10,496,4,"The test method name 'testGetContactCadence_InvalidRecordType' doesn't match '[a-z][a-zA-Z0-9]*'","https://docs.pmd-code.org/pmd-doc-7.16.0/pmd_rules_apex_codestyle.html#methodnamingconventions"
"ApexUnitTestClassShouldHaveRunAs","pmd",4,"Recommended,BestPractices,Apex","force-app/main/default/classes/ContactCadenceController_Test.cls",502,10,532,4,"Apex unit test classes should have at least one System.runAs() call","https://docs.pmd-code.org/pmd-doc-7.16.0/pmd_rules_apex_bestpractices.html#apexunittestclassshouldhaverunas"
"ApexDoc","pmd",4,"Recommended,Documentation,Apex","force-app/main/default/classes/ContactCadenceController_Test.cls",502,10,532,4,"Missing ApexDoc @description","https://docs.pmd-code.org/pmd-doc-7.16.0/pmd_rules_apex_documentation.html#apexdoc"
"MethodNamingConventions","pmd",3,"Recommended,CodeStyle,Apex","force-app/main/default/classes/ContactCadenceController_Test.cls",502,10,532,4,"The test method name 'testGetContactCadence_InvalidCaseType' doesn't match '[a-z][a-zA-Z0-9]*'","https://docs.pmd-code.org/pmd-doc-7.16.0/pmd_rules_apex_codestyle.html#methodnamingconventions"
"ApexUnitTestClassShouldHaveRunAs","pmd",4,"Recommended,BestPractices,Apex","force-app/main/default/classes/ContactCadenceController_Test.cls",538,10,567,4,"Apex unit test classes should have at least one System.runAs() call","https://docs.pmd-code.org/pmd-doc-7.16.0/pmd_rules_apex_bestpractices.html#apexunittestclassshouldhaverunas"
"ApexDoc","pmd",4,"Recommended,Documentation,Apex","force-app/main/default/classes/ContactCadenceController_Test.cls",538,10,567,4,"Missing ApexDoc @description","https://docs.pmd-code.org/pmd-doc-7.16.0/pmd_rules_apex_documentation.html#apexdoc"
"MethodNamingConventions","pmd",3,"Recommended,CodeStyle,Apex","force-app/main/default/classes/ContactCadenceController_Test.cls",538,10,567,4,"The test method name 'testGetContactCadence_NoAccount' doesn't match '[a-z][a-zA-Z0-9]*'","https://docs.pmd-code.org/pmd-doc-7.16.0/pmd_rules_apex_codestyle.html#methodnamingconventions"
"ApexUnitTestClassShouldHaveRunAs","pmd",4,"Recommended,BestPractices,Apex","force-app/main/default/classes/ContactCadenceController_Test.cls",573,10,643,4,"Apex unit test classes should have at least one System.runAs() call","https://docs.pmd-code.org/pmd-doc-7.16.0/pmd_rules_apex_bestpractices.html#apexunittestclassshouldhaverunas"
"ApexDoc","pmd",4,"Recommended,Documentation,Apex","force-app/main/default/classes/ContactCadenceController_Test.cls",573,10,643,4,"Missing ApexDoc @description","https://docs.pmd-code.org/pmd-doc-7.16.0/pmd_rules_apex_documentation.html#apexdoc"
"MethodNamingConventions","pmd",3,"Recommended,CodeStyle,Apex","force-app/main/default/classes/ContactCadenceController_Test.cls",573,10,643,4,"The test method name 'testSaveAttemptOutcome_ContactEstablished' doesn't match '[a-z][a-zA-Z0-9]*'","https://docs.pmd-code.org/pmd-doc-7.16.0/pmd_rules_apex_codestyle.html#methodnamingconventions"
"ApexUnitTestClassShouldHaveRunAs","pmd",4,"Recommended,BestPractices,Apex","force-app/main/default/classes/ContactCadenceController_Test.cls",649,10,706,4,"Apex unit test classes should have at least one System.runAs() call","https://docs.pmd-code.org/pmd-doc-7.16.0/pmd_rules_apex_bestpractices.html#apexunittestclassshouldhaverunas"
"ApexDoc","pmd",4,"Recommended,Documentation,Apex","force-app/main/default/classes/ContactCadenceController_Test.cls",649,10,706,4,"Missing ApexDoc @description","https://docs.pmd-code.org/pmd-doc-7.16.0/pmd_rules_apex_documentation.html#apexdoc"
"MethodNamingConventions","pmd",3,"Recommended,CodeStyle,Apex","force-app/main/default/classes/ContactCadenceController_Test.cls",649,10,706,4,"The test method name 'testSaveAttemptOutcome_ContactNotEstablished' doesn't match '[a-z][a-zA-Z0-9]*'","https://docs.pmd-code.org/pmd-doc-7.16.0/pmd_rules_apex_codestyle.html#methodnamingconventions"
"ApexUnitTestClassShouldHaveRunAs","pmd",4,"Recommended,BestPractices,Apex","force-app/main/default/classes/ContactCadenceController_Test.cls",712,10,755,4,"Apex unit test classes should have at least one System.runAs() call","https://docs.pmd-code.org/pmd-doc-7.16.0/pmd_rules_apex_bestpractices.html#apexunittestclassshouldhaverunas"
"ApexDoc","pmd",4,"Recommended,Documentation,Apex","force-app/main/default/classes/ContactCadenceController_Test.cls",712,10,755,4,"Missing ApexDoc @description","https://docs.pmd-code.org/pmd-doc-7.16.0/pmd_rules_apex_documentation.html#apexdoc"
"MethodNamingConventions","pmd",3,"Recommended,CodeStyle,Apex","force-app/main/default/classes/ContactCadenceController_Test.cls",712,10,755,4,"The test method name 'testSaveAttemptOutcome_CreateNewTask' doesn't match '[a-z][a-zA-Z0-9]*'","https://docs.pmd-code.org/pmd-doc-7.16.0/pmd_rules_apex_codestyle.html#methodnamingconventions"
"ApexUnitTestClassShouldHaveRunAs","pmd",4,"Recommended,BestPractices,Apex","force-app/main/default/classes/ContactCadenceController_Test.cls",761,10,780,4,"Apex unit test classes should have at least one System.runAs() call","https://docs.pmd-code.org/pmd-doc-7.16.0/pmd_rules_apex_bestpractices.html#apexunittestclassshouldhaverunas"
"ApexDoc","pmd",4,"Recommended,Documentation,Apex","force-app/main/default/classes/ContactCadenceController_Test.cls",761,10,780,4,"Missing ApexDoc @description","https://docs.pmd-code.org/pmd-doc-7.16.0/pmd_rules_apex_documentation.html#apexdoc"
"MethodNamingConventions","pmd",3,"Recommended,CodeStyle,Apex","force-app/main/default/classes/ContactCadenceController_Test.cls",761,10,780,4,"The test method name 'testSaveAttemptOutcome_InvalidCaseId' doesn't match '[a-z][a-zA-Z0-9]*'","https://docs.pmd-code.org/pmd-doc-7.16.0/pmd_rules_apex_codestyle.html#methodnamingconventions"
"AvoidHardcodingId","pmd",3,"Recommended,ErrorProne,Apex","force-app/main/default/classes/ContactCadenceController_Test.cls",762,21,762,41,"Hardcoding Ids is bound to break when changing environments.","https://docs.pmd-code.org/pmd-doc-7.16.0/pmd_rules_apex_errorprone.html#avoidhardcodingid"
"ApexUnitTestClassShouldHaveRunAs","pmd",4,"Recommended,BestPractices,Apex","force-app/main/default/classes/ContactCadenceController_Test.cls",786,10,815,4,"Apex unit test classes should have at least one System.runAs() call","https://docs.pmd-code.org/pmd-doc-7.16.0/pmd_rules_apex_bestpractices.html#apexunittestclassshouldhaverunas"
"ApexDoc","pmd",4,"Recommended,Documentation,Apex","force-app/main/default/classes/ContactCadenceController_Test.cls",786,10,815,4,"Missing ApexDoc @description","https://docs.pmd-code.org/pmd-doc-7.16.0/pmd_rules_apex_documentation.html#apexdoc"
"CyclomaticComplexity","pmd",3,"Recommended,Design,Apex","force-app/main/default/classes/SuccessionPublicFormController.cls",15,17,135,4,"The method 'getFormData(String)' has a cyclomatic complexity of 12.","https://docs.pmd-code.org/pmd-doc-7.16.0/pmd_rules_apex_design.html#cyclomaticcomplexity"
"AvoidDebugStatements","pmd",4,"Recommended,Performance,Apex","force-app/main/default/classes/SuccessionPublicFormController.cls",130,7,130,62,"Avoid debug statements since they impact on performance","https://docs.pmd-code.org/pmd-doc-7.16.0/pmd_rules_apex_performance.html#avoiddebugstatements"
"DebugsShouldUseLoggingLevel","pmd",4,"Recommended,BestPractices,Apex","force-app/main/default/classes/SuccessionPublicFormController.cls",130,7,130,62,"Calls to System.debug should specify a logging level.","https://docs.pmd-code.org/pmd-doc-7.16.0/pmd_rules_apex_bestpractices.html#debugsshoulduselogginglevel"
"CyclomaticComplexity","pmd",3,"Recommended,Design,Apex","force-app/main/default/classes/SuccessionPublicFormController.cls",145,17,207,4,"The method 'savePathwaySelection(String, String, String)' has a cyclomatic complexity of 11.","https://docs.pmd-code.org/pmd-doc-7.16.0/pmd_rules_apex_design.html#cyclomaticcomplexity"
"AvoidDebugStatements","pmd",4,"Recommended,Performance,Apex","force-app/main/default/classes/SuccessionPublicFormController.cls",202,7,202,71,"Avoid debug statements since they impact on performance","https://docs.pmd-code.org/pmd-doc-7.16.0/pmd_rules_apex_performance.html#avoiddebugstatements"
"DebugsShouldUseLoggingLevel","pmd",4,"Recommended,BestPractices,Apex","force-app/main/default/classes/SuccessionPublicFormController.cls",202,7,202,71,"Calls to System.debug should specify a logging level.","https://docs.pmd-code.org/pmd-doc-7.16.0/pmd_rules_apex_bestpractices.html#debugsshoulduselogginglevel"
"ApexUnitTestClassShouldHaveRunAs","pmd",4,"Recommended,BestPractices,Apex","force-app/main/default/classes/SuccessionPublicFormController_Test.cls",82,10,130,4,"Apex unit test classes should have at least one System.runAs() call","https://docs.pmd-code.org/pmd-doc-7.16.0/pmd_rules_apex_bestpractices.html#apexunittestclassshouldhaverunas"
"MethodNamingConventions","pmd",3,"Recommended,CodeStyle,Apex","force-app/main/default/classes/SuccessionPublicFormController_Test.cls",82,10,130,4,"The test method name 'testGetFormData_Success' doesn't match '[a-z][a-zA-Z0-9]*'","https://docs.pmd-code.org/pmd-doc-7.16.0/pmd_rules_apex_codestyle.html#methodnamingconventions"
"ApexUnitTestClassShouldHaveRunAs","pmd",4,"Recommended,BestPractices,Apex","force-app/main/default/classes/SuccessionPublicFormController_Test.cls",133,10,142,4,"Apex unit test classes should have at least one System.runAs() call","https://docs.pmd-code.org/pmd-doc-7.16.0/pmd_rules_apex_bestpractices.html#apexunittestclassshouldhaverunas"
"MethodNamingConventions","pmd",3,"Recommended,CodeStyle,Apex","force-app/main/default/classes/SuccessionPublicFormController_Test.cls",133,10,142,4,"The test method name 'testGetFormData_BlankCaseId' doesn't match '[a-z][a-zA-Z0-9]*'","https://docs.pmd-code.org/pmd-doc-7.16.0/pmd_rules_apex_codestyle.html#methodnamingconventions"
"ApexUnitTestClassShouldHaveRunAs","pmd",4,"Recommended,BestPractices,Apex","force-app/main/default/classes/SuccessionPublicFormController_Test.cls",145,10,154,4,"Apex unit test classes should have at least one System.runAs() call","https://docs.pmd-code.org/pmd-doc-7.16.0/pmd_rules_apex_bestpractices.html#apexunittestclassshouldhaverunas"
"MethodNamingConventions","pmd",3,"Recommended,CodeStyle,Apex","force-app/main/default/classes/SuccessionPublicFormController_Test.cls",145,10,154,4,"The test method name 'testGetFormData_InvalidCaseId' doesn't match '[a-z][a-zA-Z0-9]*'","https://docs.pmd-code.org/pmd-doc-7.16.0/pmd_rules_apex_codestyle.html#methodnamingconventions"
"AvoidHardcodingId","pmd",3,"Recommended,ErrorProne,Apex","force-app/main/default/classes/SuccessionPublicFormController_Test.cls",148,50,148,70,"Hardcoding Ids is bound to break when changing environments.","https://docs.pmd-code.org/pmd-doc-7.16.0/pmd_rules_apex_errorprone.html#avoidhardcodingid"
"ApexUnitTestClassShouldHaveRunAs","pmd",4,"Recommended,BestPractices,Apex","force-app/main/default/classes/SuccessionPublicFormController_Test.cls",157,10,219,4,"Apex unit test classes should have at least one System.runAs() call","https://docs.pmd-code.org/pmd-doc-7.16.0/pmd_rules_apex_bestpractices.html#apexunittestclassshouldhaverunas"
"MethodNamingConventions","pmd",3,"Recommended,CodeStyle,Apex","force-app/main/default/classes/SuccessionPublicFormController_Test.cls",157,10,219,4,"The test method name 'testSavePathwaySelection_FinalGrant' doesn't match '[a-z][a-zA-Z0-9]*'","https://docs.pmd-code.org/pmd-doc-7.16.0/pmd_rules_apex_codestyle.html#methodnamingconventions"
"ApexUnitTestClassShouldHaveRunAs","pmd",4,"Recommended,BestPractices,Apex","force-app/main/default/classes/SuccessionPublicFormController_Test.cls",222,10,246,4,"Apex unit test classes should have at least one System.runAs() call","https://docs.pmd-code.org/pmd-doc-7.16.0/pmd_rules_apex_bestpractices.html#apexunittestclassshouldhaverunas"
"MethodNamingConventions","pmd",3,"Recommended,CodeStyle,Apex","force-app/main/default/classes/SuccessionPublicFormController_Test.cls",222,10,246,4,"The test method name 'testSavePathwaySelection_NewDAF' doesn't match '[a-z][a-zA-Z0-9]*'","https://docs.pmd-code.org/pmd-doc-7.16.0/pmd_rules_apex_codestyle.html#methodnamingconventions"
"ApexUnitTestClassShouldHaveRunAs","pmd",4,"Recommended,BestPractices,Apex","force-app/main/default/classes/SuccessionPublicFormController_Test.cls",249,10,273,4,"Apex unit test classes should have at least one System.runAs() call","https://docs.pmd-code.org/pmd-doc-7.16.0/pmd_rules_apex_bestpractices.html#apexunittestclassshouldhaverunas"
"MethodNamingConventions","pmd",3,"Recommended,CodeStyle,Apex","force-app/main/default/classes/SuccessionPublicFormController_Test.cls",249,10,273,4,"The test method name 'testSavePathwaySelection_Disclaim' doesn't match '[a-z][a-zA-Z0-9]*'","https://docs.pmd-code.org/pmd-doc-7.16.0/pmd_rules_apex_codestyle.html#methodnamingconventions"
"ApexUnitTestClassShouldHaveRunAs","pmd",4,"Recommended,BestPractices,Apex","force-app/main/default/classes/SuccessionPublicFormController_Test.cls",276,10,289,4,"Apex unit test classes should have at least one System.runAs() call","https://docs.pmd-code.org/pmd-doc-7.16.0/pmd_rules_apex_bestpractices.html#apexunittestclassshouldhaverunas"
"MethodNamingConventions","pmd",3,"Recommended,CodeStyle,Apex","force-app/main/default/classes/SuccessionPublicFormController_Test.cls",276,10,289,4,"The test method name 'testSavePathwaySelection_BlankCaseId' doesn't match '[a-z][a-zA-Z0-9]*'","https://docs.pmd-code.org/pmd-doc-7.16.0/pmd_rules_apex_codestyle.html#methodnamingconventions"
"ApexUnitTestClassShouldHaveRunAs","pmd",4,"Recommended,BestPractices,Apex","force-app/main/default/classes/SuccessionPublicFormController_Test.cls",292,10,312,4,"Apex unit test classes should have at least one System.runAs() call","https://docs.pmd-code.org/pmd-doc-7.16.0/pmd_rules_apex_bestpractices.html#apexunittestclassshouldhaverunas"
"MethodNamingConventions","pmd",3,"Recommended,CodeStyle,Apex","force-app/main/default/classes/SuccessionPublicFormController_Test.cls",292,10,312,4,"The test method name 'testSavePathwaySelection_BlankPathway' doesn't match '[a-z][a-zA-Z0-9]*'","https://docs.pmd-code.org/pmd-doc-7.16.0/pmd_rules_apex_codestyle.html#methodnamingconventions"
"DetectCopyPasteForJavascript","cpd",5,"Recommended,Design,Javascript","force-app/main/default/lwc/recordPathwaySelection/__tests__/recordPathwaySelection.test.js",172,5,203,44,"Duplicate code detected for language 'javascript'. Found 2 code locations containing the same block of code consisting of 139 tokens across 32 lines.","https://docs.pmd-code.org/latest/pmd_userdocs_cpd.html#refactoring-duplicates"
